dim,correlation
x,-0.05997231191658203
y,-0.002447348541955707
z,0.033893146351117294
roll,0.005678420400568837
pitch,0.06059561673937884
yaw,-0.02778961702174876
gripper,0.09079668536769331
